{
  "results": [
    {
      "command": "sleep 0.020",
      "mean": 0.023726515413333333,
      "stddev": 0.004602014051751124,
      "median": 0.02267755758,
      "user": 0.0013185473333333334,
      "system": 0.0020899164444444446,
      "min": 0.02109890308,
      "max": 0.05602819808,
      "times": [
        0.02856005608,
        0.02346135008,
        0.02202502208,
        0.02139558708,
        0.02265920408,
        0.02121691608,
        0.02272505608,
        0.02114247908,
        0.02157142808,
        0.021514666079999998,
        0.02161920108,
        0.02335035008,
        0.02224331408,
        0.02228639708,
        0.02152537208,
        0.021732302079999998,
        0.02273370308,
        0.02115513608,
        0.02268494308,
        0.02244547308,
        0.023943647079999998,
        0.02324528508,
        0.02152617908,
        0.023991903079999998,
        0.02250884108,
        0.02342551708,
        0.02113216608,
        0.02168223108,
        0.02222267508,
        0.02273532108,
        0.02273995308,
        0.05602819808,
        0.02501500608,
        0.03121396008,
        0.02424400108,
        0.02459129108,
        0.02633760708,
        0.02377406808,
        0.02365474708,
        0.02406064008,
        0.02300910408,
        0.02437339208,
        0.02317403908,
        0.02257532008,
        0.02267017208,
        0.02356714508,
        0.02367204808,
        0.02258227108,
        0.02330384008,
        0.02225645108,
        0.02478414908,
        0.02484724308,
        0.02270765708,
        0.02339114708,
        0.02450795908,
        0.02348840008,
        0.044674490080000004,
        0.028041754080000002,
        0.022940745079999998,
        0.02259975308,
        0.022112378079999998,
        0.02271348408,
        0.02320266708,
        0.02284982108,
        0.02244050908,
        0.02238655808,
        0.022084648079999998,
        0.02241669808,
        0.02523103408,
        0.02256237908,
        0.03532525108,
        0.02232798408,
        0.02173793008,
        0.021903001079999998,
        0.02288046308,
        0.02368652508,
        0.02211418708,
        0.02265551308,
        0.02187778308,
        0.02191395108,
        0.02182523808,
        0.02185612208,
        0.02109890308,
        0.02294132008,
        0.02191512608,
        0.02264461208,
        0.02227651108,
        0.02307147508,
        0.02227169708,
        0.02177434208
      ],
      "memory_usage_byte": [
        3014656,
        3014656,
        3014656,
        3014656,
        3014656,
        3014656,
        3014656,
        3014656,
        3014656,
        3014656,
        3141632,
        3141632,
        3141632,
        3141632,
        3141632,
        3141632,
        3141632,
        3141632,
        3141632,
        3141632,
        3141632,
        3141632,
        3141632,
        3141632,
        3141632,
        3141632,
        3141632,
        3141632,
        3141632,
        3141632,
        3141632,
        3141632,
        3141632,
        3141632,
        3141632,
        3141632,
        3141632,
        3141632,
        3141632,
        3141632,
        3141632,
        3141632,
        3141632,
        3141632,
        3141632,
        3141632,
        3141632,
        3141632,
        3141632,
        3141632,
        3141632,
        3141632,
        3141632,
        3141632,
        3268608,
        3268608,
        3268608,
        3268608,
        3268608,
        3268608,
        3268608,
        3268608,
        3268608,
        3268608,
        3268608,
        3268608,
        3268608,
        3268608,
        3268608,
        3268608,
        3268608,
        3268608,
        3268608,
        3268608,
        3399680,
        3399680,
        3399680,
        3399680,
        3399680,
        3399680,
        3399680,
        3399680,
        3399680,
        3399680,
        3399680,
        3399680,
        3399680,
        3399680,
        3399680,
        3399680
      ],
      "exit_codes": [
        0,
        0,
        0,
        0,
        0,
        0,
        0,
        0,
        0,
        0,
        0,
        0,
        0,
        0,
        0,
        0,
        0,
        0,
        0,
        0,
        0,
        0,
        0,
        0,
        0,
        0,
        0,
        0,
        0,
        0,
        0,
        0,
        0,
        0,
        0,
        0,
        0,
        0,
        0,
        0,
        0,
        0,
        0,
        0,
        0,
        0,
        0,
        0,
        0,
        0,
        0,
        0,
        0,
        0,
        0,
        0,
        0,
        0,
        0,
        0,
        0,
        0,
        0,
        0,
        0,
        0,
        0,
        0,
        0,
        0,
        0,
        0,
        0,
        0,
        0,
        0,
        0,
        0,
        0,
        0,
        0,
        0,
        0,
        0,
        0,
        0,
        0,
        0,
        0,
        0
      ]
    },
    {
      "command": "sleep 0.021",
      "mean": 0.022889189941111117,
      "stddev": 0.0007161191938371117,
      "median": 0.02280623708,
      "user": 0.0009166992592592593,
      "system": 0.0016941181481481477,
      "min": 0.02132554808,
      "max": 0.02453766808,
      "times": [
        0.02311599608,
        0.02274468508,
        0.02193879008,
        0.02158843608,
        0.02329398008,
        0.02379494508,
        0.02260801308,
        0.02439507908,
        0.02448522508,
        0.02403379508,
        0.02298143008,
        0.02263027308,
        0.02229235308,
        0.02335063508,
        0.02377098008,
        0.02269184108,
        0.023631199079999998,
        0.02338021508,
        0.02198521708,
        0.02251586208,
        0.022295963079999998,
        0.02226397608,
        0.02453766808,
        0.02184453408,
        0.02289659908,
        0.02382663208,
        0.02347397108,
        0.02225926308,
        0.02207640608,
        0.02243237108,
        0.02278192608,
        0.02270514808,
        0.02245069008,
        0.023018867079999998,
        0.02399866208,
        0.02236840708,
        0.02366382208,
        0.02294188908,
        0.02155127708,
        0.02294999808,
        0.02132554808,
        0.02242025908,
        0.02202766108,
        0.02182175108,
        0.02272186608,
        0.02211805308,
        0.02319764908,
        0.022308045079999998,
        0.02345400908,
        0.022437877079999998,
        0.02273417808,
        0.02217370908,
        0.02254318408,
        0.023269922079999998,
        0.02384951108,
        0.02419476108,
        0.02439866908,
        0.02354840508,
        0.02304219108,
        0.02354960608,
        0.02382648708,
        0.02345751208,
        0.02367913708,
        0.02253067208,
        0.02215132608,
        0.022603942079999998,
        0.02284062808,
        0.02252907808,
        0.02220393508,
        0.023291509079999998,
        0.02399456908,
        0.02407123208,
        0.02279175108,
        0.02300624708,
        0.02309500408,
        0.023036532079999998,
        0.02303833108,
        0.02316846908,
        0.02228349608,
        0.02247140608,
        0.022482600079999998,
        0.02370720808,
        0.02220123708,
        0.02230588608,
        0.02333678708,
        0.02153336008,
        0.02203071908,
        0.02279195108,
        0.02353659108,
        0.02267460708,
        0.022536274079999998,
        0.022769262079999998,
        0.02314857808,
        0.02194885908,
        0.02355038408,
        0.02320035308,
        0.02307451408,
        0.02379926408,
        0.02330480208,
        0.02257055708,
        0.02330320308,
        0.02303003208,
        0.02327859908,
        0.02171311608,
        0.02282052308,
        0.02170123708,
        0.02254831308,
        0.02235855408
      ],